image_id,image_name
0,img/0.png
1,img/1.png
2,img/2.png
3,img/3.png
4,img/4.png
5,img/5.png
6,img/6.png
7,img/7.png
8,img/8.png
9,img/9.png
10,img/10.png
11,img/11.png
12,img/12.png
13,img/13.png
14,img/14.png
15,img/15.png
16,img/16.png
17,img/17.png
18,img/18.png
19,img/19.png
20,img/20.png
21,img/21.png
22,img/22.png
23,img/23.png
24,img/24.png
25,img/25.png
26,img/26.png
27,img/27.png
28,img/28.png
29,img/29.png
30,img/30.png
31,img/31.png
32,img/32.png
33,img/33.png
34,img/34.png
35,img/35.png
36,img/36.png
37,img/37.png
38,img/38.png
39,img/39.png
40,img/40.png
41,img/41.png
42,img/42.png
43,img/43.png
44,img/44.png
45,img/45.png
